                  epoch,             train/loss,  metrics/accuracy_top1,  metrics/accuracy_top5,               val/loss,                 lr/pg0,                 lr/pg1,                 lr/pg2
                      1,                 1.5292,                0.81382,                0.99808,                 1.5617,             0.00023724,             0.00023724,             0.00023724
                      2,                0.78979,                 0.8714,                      1,                 1.4436,             0.00047053,             0.00047053,             0.00047053
                      3,                0.63374,                  0.881,                      1,                 1.4184,             0.00069912,             0.00069912,             0.00069912
                      4,                0.60438,                0.90787,                      1,                 1.4117,             0.00069279,             0.00069279,             0.00069279
                      5,                0.55515,                0.90787,                      1,                 1.3974,             0.00069279,             0.00069279,             0.00069279
                      6,                0.54904,                0.89251,                      1,                 1.4138,             0.00068573,             0.00068573,             0.00068573
                      7,                0.52239,                 0.9309,                      1,                 1.3921,             0.00067866,             0.00067866,             0.00067866
